https://ecraft2learn.github.io/ai/onyx/[object Object],2,92,8,0
https://ecraft2learn.github.io/ai/onyx/[object Object],2,0.9163966774940491
https://ecraft2learn.github.io/ai/onyx/[object Object],7,97,3,0
https://ecraft2learn.github.io/ai/onyx/[object Object],7,0.9713537096977234
https://ecraft2learn.github.io/ai/onyx/[object Object],12,100,0,0
https://ecraft2learn.github.io/ai/onyx/[object Object],12,0.9999709129333496
https://ecraft2learn.github.io/ai/onyx/[object Object],17,99,0,1
https://ecraft2learn.github.io/ai/onyx/[object Object],17,0.9945821762084961
https://ecraft2learn.github.io/ai/onyx/[object Object],22,99,0,1
https://ecraft2learn.github.io/ai/onyx/[object Object],22,0.9925785660743713
https://ecraft2learn.github.io/ai/onyx/[object Object],27,100,0,0
https://ecraft2learn.github.io/ai/onyx/[object Object],27,0.9978337287902832
https://ecraft2learn.github.io/ai/onyx/[object Object],32,100,0,0
https://ecraft2learn.github.io/ai/onyx/[object Object],32,0.9967085719108582
https://ecraft2learn.github.io/ai/onyx/[object Object],37,93,3,4
https://ecraft2learn.github.io/ai/onyx/[object Object],37,0.9308084845542908
https://ecraft2learn.github.io/ai/onyx/[object Object],42,99,1,0
https://ecraft2learn.github.io/ai/onyx/[object Object],42,0.9946560859680176
https://ecraft2learn.github.io/ai/onyx/[object Object],47,100,0,0
https://ecraft2learn.github.io/ai/onyx/[object Object],47,0.9985247850418091
https://ecraft2learn.github.io/ai/onyx/[object Object],52,100,0,0
https://ecraft2learn.github.io/ai/onyx/[object Object],52,0.9999833703041077
https://ecraft2learn.github.io/ai/onyx/[object Object],57,99,1,0
https://ecraft2learn.github.io/ai/onyx/[object Object],57,0.9914456605911255
https://ecraft2learn.github.io/ai/onyx/[object Object],62,74,17,9
https://ecraft2learn.github.io/ai/onyx/[object Object],62,0.7392020225524902
https://ecraft2learn.github.io/ai/onyx/[object Object],67,99,0,1
https://ecraft2learn.github.io/ai/onyx/[object Object],67,0.9934360384941101
https://ecraft2learn.github.io/ai/onyx/[object Object],72,100,0,0
https://ecraft2learn.github.io/ai/onyx/[object Object],72,0.9951708912849426
https://ecraft2learn.github.io/ai/onyx/[object Object],77,100,0,0
https://ecraft2learn.github.io/ai/onyx/[object Object],77,0.9951779842376709
https://ecraft2learn.github.io/ai/onyx/[object Object],82,99,1,0
https://ecraft2learn.github.io/ai/onyx/[object Object],82,0.9872484803199768
https://ecraft2learn.github.io/ai/onyx/[object Object],87,96,3,0
https://ecraft2learn.github.io/ai/onyx/[object Object],87,0.9631130695343018
https://ecraft2learn.github.io/ai/onyx/[object Object],92,97,1,2
https://ecraft2learn.github.io/ai/onyx/[object Object],92,0.9683703780174255
https://ecraft2learn.github.io/ai/onyx/[object Object],97,98,1,1
https://ecraft2learn.github.io/ai/onyx/[object Object],97,0.9817018508911133
https://ecraft2learn.github.io/ai/onyx/[object Object],102,100,0,0
https://ecraft2learn.github.io/ai/onyx/[object Object],102,0.9999403953552246
https://ecraft2learn.github.io/ai/onyx/[object Object],107,98,1,1
https://ecraft2learn.github.io/ai/onyx/[object Object],107,0.9833387732505798
https://ecraft2learn.github.io/ai/onyx/[object Object],112,100,0,0
https://ecraft2learn.github.io/ai/onyx/[object Object],112,0.9965872168540955
https://ecraft2learn.github.io/ai/onyx/[object Object],117,100,0,0
https://ecraft2learn.github.io/ai/onyx/[object Object],117,0.9992650151252747
https://ecraft2learn.github.io/ai/onyx/[object Object],122,100,0,0
https://ecraft2learn.github.io/ai/onyx/[object Object],122,0.9963826537132263
https://ecraft2learn.github.io/ai/onyx/[object Object],127,100,0,0
https://ecraft2learn.github.io/ai/onyx/[object Object],127,0.9990615844726562
https://ecraft2learn.github.io/ai/onyx/[object Object],132,95,2,4
https://ecraft2learn.github.io/ai/onyx/[object Object],132,0.9477704763412476
https://ecraft2learn.github.io/ai/onyx/[object Object],137,100,0,0
https://ecraft2learn.github.io/ai/onyx/[object Object],137,0.9995356798171997
https://ecraft2learn.github.io/ai/onyx/[object Object],142,100,0,0
https://ecraft2learn.github.io/ai/onyx/[object Object],142,0.9990339279174805
https://ecraft2learn.github.io/ai/onyx/[object Object],147,99,0,0
https://ecraft2learn.github.io/ai/onyx/[object Object],147,0.9949691891670227
https://ecraft2learn.github.io/ai/onyx/[object Object],152,100,0,0
https://ecraft2learn.github.io/ai/onyx/[object Object],152,0.9997529983520508
https://ecraft2learn.github.io/ai/onyx/[object Object],157,100,0,0
https://ecraft2learn.github.io/ai/onyx/[object Object],157,0.9999780654907227
https://ecraft2learn.github.io/ai/onyx/[object Object],162,100,0,0
https://ecraft2learn.github.io/ai/onyx/[object Object],162,0.9951656460762024
https://ecraft2learn.github.io/ai/onyx/[object Object],167,100,0,0
https://ecraft2learn.github.io/ai/onyx/[object Object],167,0.9999852776527405
https://ecraft2learn.github.io/ai/onyx/[object Object],172,91,4,5
https://ecraft2learn.github.io/ai/onyx/[object Object],172,0.9126386642456055
https://ecraft2learn.github.io/ai/onyx/[object Object],177,100,0,0
https://ecraft2learn.github.io/ai/onyx/[object Object],177,0.9999074935913086
https://ecraft2learn.github.io/ai/onyx/[object Object],182,99,0,1
https://ecraft2learn.github.io/ai/onyx/[object Object],182,0.9897631406784058
https://ecraft2learn.github.io/ai/onyx/[object Object],187,100,0,0
https://ecraft2learn.github.io/ai/onyx/[object Object],187,0.9999504089355469
https://ecraft2learn.github.io/ai/onyx/[object Object],192,92,0,8
https://ecraft2learn.github.io/ai/onyx/[object Object],192,0.9154338836669922
https://ecraft2learn.github.io/ai/onyx/[object Object],197,100,0,0
https://ecraft2learn.github.io/ai/onyx/[object Object],197,0.9989848732948303
https://ecraft2learn.github.io/ai/onyx/[object Object],202,100,0,0
https://ecraft2learn.github.io/ai/onyx/[object Object],202,0.9998746514320374
https://ecraft2learn.github.io/ai/onyx/[object Object],207,100,0,0
https://ecraft2learn.github.io/ai/onyx/[object Object],207,0.9998517632484436
https://ecraft2learn.github.io/ai/onyx/[object Object],212,99,1,0
https://ecraft2learn.github.io/ai/onyx/[object Object],212,0.9932158589363098
https://ecraft2learn.github.io/ai/onyx/[object Object],217,81,18,1
https://ecraft2learn.github.io/ai/onyx/[object Object],217,0.8064922094345093
https://ecraft2learn.github.io/ai/onyx/[object Object],222,99,0,0
https://ecraft2learn.github.io/ai/onyx/[object Object],222,0.9947345852851868
https://ecraft2learn.github.io/ai/onyx/[object Object],227,100,0,0
https://ecraft2learn.github.io/ai/onyx/[object Object],227,0.9973556399345398
https://ecraft2learn.github.io/ai/onyx/[object Object],232,90,10,0
https://ecraft2learn.github.io/ai/onyx/[object Object],232,0.8998188376426697
https://ecraft2learn.github.io/ai/onyx/[object Object],237,100,0,0
https://ecraft2learn.github.io/ai/onyx/[object Object],237,0.9997258186340332
https://ecraft2learn.github.io/ai/onyx/[object Object],242,100,0,0
https://ecraft2learn.github.io/ai/onyx/[object Object],242,0.9997687935829163
https://ecraft2learn.github.io/ai/onyx/[object Object],247,98,1,0
https://ecraft2learn.github.io/ai/onyx/[object Object],247,0.981087863445282
https://ecraft2learn.github.io/ai/onyx/[object Object],252,99,0,1
https://ecraft2learn.github.io/ai/onyx/[object Object],252,0.9934502840042114
https://ecraft2learn.github.io/ai/onyx/[object Object],257,99,0,1
https://ecraft2learn.github.io/ai/onyx/[object Object],257,0.99112468957901
https://ecraft2learn.github.io/ai/onyx/[object Object],262,100,0,0
https://ecraft2learn.github.io/ai/onyx/[object Object],262,0.999284565448761
https://ecraft2learn.github.io/ai/onyx/[object Object],267,100,0,0
https://ecraft2learn.github.io/ai/onyx/[object Object],267,0.9964125156402588
https://ecraft2learn.github.io/ai/onyx/[object Object],272,100,0,0
https://ecraft2learn.github.io/ai/onyx/[object Object],272,0.9999585151672363
https://ecraft2learn.github.io/ai/onyx/[object Object],277,100,0,0
https://ecraft2learn.github.io/ai/onyx/[object Object],277,0.999279797077179
https://ecraft2learn.github.io/ai/onyx/[object Object],282,98,1,1
https://ecraft2learn.github.io/ai/onyx/[object Object],282,0.9846845269203186
https://ecraft2learn.github.io/ai/onyx/[object Object],287,100,0,0
https://ecraft2learn.github.io/ai/onyx/[object Object],287,0.999934196472168
https://ecraft2learn.github.io/ai/onyx/[object Object],292,100,0,0
https://ecraft2learn.github.io/ai/onyx/[object Object],292,0.9997739791870117
https://ecraft2learn.github.io/ai/onyx/[object Object],297,94,0,6
https://ecraft2learn.github.io/ai/onyx/[object Object],297,0.9424381852149963
https://ecraft2learn.github.io/ai/onyx/[object Object],302,99,0,1
https://ecraft2learn.github.io/ai/onyx/[object Object],302,0.9942744374275208
https://ecraft2learn.github.io/ai/onyx/[object Object],307,99,1,0
https://ecraft2learn.github.io/ai/onyx/[object Object],307,0.9935743808746338
https://ecraft2learn.github.io/ai/onyx/[object Object],312,95,5,0
https://ecraft2learn.github.io/ai/onyx/[object Object],312,0.9474415183067322
https://ecraft2learn.github.io/ai/onyx/[object Object],317,100,0,0
https://ecraft2learn.github.io/ai/onyx/[object Object],317,0.999931812286377
https://ecraft2learn.github.io/ai/onyx/[object Object],322,100,0,0
https://ecraft2learn.github.io/ai/onyx/[object Object],322,0.9996052384376526
https://ecraft2learn.github.io/ai/onyx/[object Object],327,99,0,1
https://ecraft2learn.github.io/ai/onyx/[object Object],327,0.9871458411216736
https://ecraft2learn.github.io/ai/onyx/[object Object],332,100,0,0
https://ecraft2learn.github.io/ai/onyx/[object Object],332,0.9970261454582214
https://ecraft2learn.github.io/ai/onyx/[object Object],337,89,4,7
https://ecraft2learn.github.io/ai/onyx/[object Object],337,0.8872467279434204
https://ecraft2learn.github.io/ai/onyx/[object Object],342,100,0,0
https://ecraft2learn.github.io/ai/onyx/[object Object],342,0.9970650672912598
https://ecraft2learn.github.io/ai/onyx/[object Object],347,97,2,1
https://ecraft2learn.github.io/ai/onyx/[object Object],347,0.9701136350631714
https://ecraft2learn.github.io/ai/onyx/[object Object],352,100,0,0
https://ecraft2learn.github.io/ai/onyx/[object Object],352,0.9999099373817444
https://ecraft2learn.github.io/ai/onyx/[object Object],357,100,0,0
https://ecraft2learn.github.io/ai/onyx/[object Object],357,0.9981411695480347
https://ecraft2learn.github.io/ai/onyx/[object Object],362,96,4,0
https://ecraft2learn.github.io/ai/onyx/[object Object],362,0.9599015712738037
https://ecraft2learn.github.io/ai/onyx/[object Object],367,100,0,0
https://ecraft2learn.github.io/ai/onyx/[object Object],367,0.9994732737541199
https://ecraft2learn.github.io/ai/onyx/[object Object],372,100,0,0
https://ecraft2learn.github.io/ai/onyx/[object Object],372,0.9981435537338257
https://ecraft2learn.github.io/ai/onyx/[object Object],377,100,0,0
https://ecraft2learn.github.io/ai/onyx/[object Object],377,0.9972895383834839
https://ecraft2learn.github.io/ai/onyx/[object Object],382,100,0,0
https://ecraft2learn.github.io/ai/onyx/[object Object],382,0.9998712539672852
https://ecraft2learn.github.io/ai/onyx/[object Object],387,100,0,0
https://ecraft2learn.github.io/ai/onyx/[object Object],387,0.9998550415039062
https://ecraft2learn.github.io/ai/onyx/[object Object],392,100,0,0
https://ecraft2learn.github.io/ai/onyx/[object Object],392,0.9999523162841797
https://ecraft2learn.github.io/ai/onyx/[object Object],397,95,0,5
https://ecraft2learn.github.io/ai/onyx/[object Object],397,0.9512079954147339
https://ecraft2learn.github.io/ai/onyx/[object Object],402,100,0,0
https://ecraft2learn.github.io/ai/onyx/[object Object],402,0.9995042681694031
https://ecraft2learn.github.io/ai/onyx/[object Object],407,91,8,1
https://ecraft2learn.github.io/ai/onyx/[object Object],407,0.9054292440414429
https://ecraft2learn.github.io/ai/onyx/[object Object],412,99,0,1
https://ecraft2learn.github.io/ai/onyx/[object Object],412,0.9934237599372864
https://ecraft2learn.github.io/ai/onyx/[object Object],417,100,0,0
https://ecraft2learn.github.io/ai/onyx/[object Object],417,0.9999833703041077
https://ecraft2learn.github.io/ai/onyx/[object Object],422,100,0,0
https://ecraft2learn.github.io/ai/onyx/[object Object],422,0.996379554271698
https://ecraft2learn.github.io/ai/onyx/[object Object],427,100,0,0
https://ecraft2learn.github.io/ai/onyx/[object Object],427,0.9999961853027344
https://ecraft2learn.github.io/ai/onyx/[object Object],432,96,3,1
https://ecraft2learn.github.io/ai/onyx/[object Object],432,0.9604475498199463
https://ecraft2learn.github.io/ai/onyx/[object Object],437,97,1,1
https://ecraft2learn.github.io/ai/onyx/[object Object],437,0.9732464551925659
https://ecraft2learn.github.io/ai/onyx/[object Object],442,98,0,2
https://ecraft2learn.github.io/ai/onyx/[object Object],442,0.977882981300354
https://ecraft2learn.github.io/ai/onyx/[object Object],447,100,0,0
https://ecraft2learn.github.io/ai/onyx/[object Object],447,0.9993245601654053
https://ecraft2learn.github.io/ai/onyx/[object Object],452,100,0,0
https://ecraft2learn.github.io/ai/onyx/[object Object],452,0.9993427395820618
https://ecraft2learn.github.io/ai/onyx/[object Object],457,100,0,0
https://ecraft2learn.github.io/ai/onyx/[object Object],457,0.9996996521949768
https://ecraft2learn.github.io/ai/onyx/[object Object],462,100,0,0
https://ecraft2learn.github.io/ai/onyx/[object Object],462,0.9992830753326416
https://ecraft2learn.github.io/ai/onyx/[object Object],467,100,0,0
https://ecraft2learn.github.io/ai/onyx/[object Object],467,0.9999971389770508
https://ecraft2learn.github.io/ai/onyx/[object Object],472,100,0,0
https://ecraft2learn.github.io/ai/onyx/[object Object],472,0.9999971389770508
https://ecraft2learn.github.io/ai/onyx/[object Object],477,100,0,0
https://ecraft2learn.github.io/ai/onyx/[object Object],477,0.9997411370277405
https://ecraft2learn.github.io/ai/onyx/[object Object],482,100,0,0
https://ecraft2learn.github.io/ai/onyx/[object Object],482,0.9999532699584961
https://ecraft2learn.github.io/ai/onyx/[object Object],487,100,0,0
https://ecraft2learn.github.io/ai/onyx/[object Object],487,0.9995943307876587
https://ecraft2learn.github.io/ai/onyx/[object Object],492,100,0,0
https://ecraft2learn.github.io/ai/onyx/[object Object],492,0.9992892742156982
https://ecraft2learn.github.io/ai/onyx/[object Object],497,100,0,0
https://ecraft2learn.github.io/ai/onyx/[object Object],497,0.9994737505912781
https://ecraft2learn.github.io/ai/onyx/[object Object],502,98,2,0
https://ecraft2learn.github.io/ai/onyx/[object Object],502,0.9817554354667664
https://ecraft2learn.github.io/ai/onyx/[object Object],507,100,0,0
https://ecraft2learn.github.io/ai/onyx/[object Object],507,0.9999990463256836
https://ecraft2learn.github.io/ai/onyx/[object Object],512,100,0,0
https://ecraft2learn.github.io/ai/onyx/[object Object],512,0.9995852708816528
https://ecraft2learn.github.io/ai/onyx/[object Object],517,100,0,0
https://ecraft2learn.github.io/ai/onyx/[object Object],517,0.9998235702514648
https://ecraft2learn.github.io/ai/onyx/[object Object],522,100,0,0
https://ecraft2learn.github.io/ai/onyx/[object Object],522,0.9996257424354553
https://ecraft2learn.github.io/ai/onyx/[object Object],527,100,0,0
https://ecraft2learn.github.io/ai/onyx/[object Object],527,0.9981715679168701
https://ecraft2learn.github.io/ai/onyx/[object Object],532,98,1,0
https://ecraft2learn.github.io/ai/onyx/[object Object],532,0.9843838810920715
https://ecraft2learn.github.io/ai/onyx/[object Object],537,97,0,3
https://ecraft2learn.github.io/ai/onyx/[object Object],537,0.9654937386512756
https://ecraft2learn.github.io/ai/onyx/[object Object],542,100,0,0
https://ecraft2learn.github.io/ai/onyx/[object Object],542,0.999140202999115
https://ecraft2learn.github.io/ai/onyx/[object Object],547,93,3,4
https://ecraft2learn.github.io/ai/onyx/[object Object],547,0.9327788949012756
https://ecraft2learn.github.io/ai/onyx/[object Object],552,99,0,1
https://ecraft2learn.github.io/ai/onyx/[object Object],552,0.9899099469184875
https://ecraft2learn.github.io/ai/onyx/[object Object],557,98,0,2
https://ecraft2learn.github.io/ai/onyx/[object Object],557,0.98014235496521
https://ecraft2learn.github.io/ai/onyx/[object Object],562,100,0,0
https://ecraft2learn.github.io/ai/onyx/[object Object],562,0.9999990463256836
https://ecraft2learn.github.io/ai/onyx/[object Object],567,100,0,0
https://ecraft2learn.github.io/ai/onyx/[object Object],567,0.9998111724853516
https://ecraft2learn.github.io/ai/onyx/[object Object],572,100,0,0
https://ecraft2learn.github.io/ai/onyx/[object Object],572,0.9970142245292664
https://ecraft2learn.github.io/ai/onyx/[object Object],577,97,2,0
https://ecraft2learn.github.io/ai/onyx/[object Object],577,0.9742447733879089
https://ecraft2learn.github.io/ai/onyx/[object Object],582,98,2,0
https://ecraft2learn.github.io/ai/onyx/[object Object],582,0.9840219616889954
https://ecraft2learn.github.io/ai/onyx/[object Object],587,100,0,0
https://ecraft2learn.github.io/ai/onyx/[object Object],587,0.996318519115448
https://ecraft2learn.github.io/ai/onyx/[object Object],592,100,0,0
https://ecraft2learn.github.io/ai/onyx/[object Object],592,0.9960715174674988
https://ecraft2learn.github.io/ai/onyx/[object Object],597,98,0,2
https://ecraft2learn.github.io/ai/onyx/[object Object],597,0.98014235496521
https://ecraft2learn.github.io/ai/onyx/[object Object],602,97,0,3
https://ecraft2learn.github.io/ai/onyx/[object Object],602,0.9724777936935425
https://ecraft2learn.github.io/ai/onyx/[object Object],607,100,0,0
https://ecraft2learn.github.io/ai/onyx/[object Object],607,0.9990229606628418
https://ecraft2learn.github.io/ai/onyx/[object Object],612,97,2,1
https://ecraft2learn.github.io/ai/onyx/[object Object],612,0.9652787446975708
https://ecraft2learn.github.io/ai/onyx/[object Object],617,100,0,0
https://ecraft2learn.github.io/ai/onyx/[object Object],617,0.9995885491371155
https://ecraft2learn.github.io/ai/onyx/[object Object],622,100,0,0
https://ecraft2learn.github.io/ai/onyx/[object Object],622,0.9999213218688965
https://ecraft2learn.github.io/ai/onyx/[object Object],627,99,0,1
https://ecraft2learn.github.io/ai/onyx/[object Object],627,0.9861714243888855
https://ecraft2learn.github.io/ai/onyx/[object Object],632,100,0,0
https://ecraft2learn.github.io/ai/onyx/[object Object],632,0.9999895691871643
https://ecraft2learn.github.io/ai/onyx/[object Object],637,100,0,0
https://ecraft2learn.github.io/ai/onyx/[object Object],637,0.9998111724853516
https://ecraft2learn.github.io/ai/onyx/[object Object],642,100,0,0
https://ecraft2learn.github.io/ai/onyx/[object Object],642,0.9999961853027344
https://ecraft2learn.github.io/ai/onyx/[object Object],647,100,0,0
https://ecraft2learn.github.io/ai/onyx/[object Object],647,0.9999942779541016
https://ecraft2learn.github.io/ai/onyx/[object Object],652,100,0,0
https://ecraft2learn.github.io/ai/onyx/[object Object],652,0.9987048506736755
https://ecraft2learn.github.io/ai/onyx/[object Object],657,100,0,0
https://ecraft2learn.github.io/ai/onyx/[object Object],657,0.9999823570251465
https://ecraft2learn.github.io/ai/onyx/[object Object],662,100,0,0
https://ecraft2learn.github.io/ai/onyx/[object Object],662,0.9995109438896179
https://ecraft2learn.github.io/ai/onyx/[object Object],667,100,0,0
https://ecraft2learn.github.io/ai/onyx/[object Object],667,0.9990801811218262
https://ecraft2learn.github.io/ai/onyx/[object Object],672,94,6,1
https://ecraft2learn.github.io/ai/onyx/[object Object],672,0.9392886161804199
https://ecraft2learn.github.io/ai/onyx/[object Object],677,100,0,0
https://ecraft2learn.github.io/ai/onyx/[object Object],677,0.9999971389770508
https://ecraft2learn.github.io/ai/onyx/[object Object],682,100,0,0
https://ecraft2learn.github.io/ai/onyx/[object Object],682,0.9999961853027344
https://ecraft2learn.github.io/ai/onyx/[object Object],687,100,0,0
https://ecraft2learn.github.io/ai/onyx/[object Object],687,0.9997044801712036
https://ecraft2learn.github.io/ai/onyx/[object Object],692,100,0,0
https://ecraft2learn.github.io/ai/onyx/[object Object],692,0.9990801811218262
https://ecraft2learn.github.io/ai/onyx/[object Object],697,99,1,0
https://ecraft2learn.github.io/ai/onyx/[object Object],697,0.993068516254425
https://ecraft2learn.github.io/ai/onyx/[object Object],702,99,0,0
https://ecraft2learn.github.io/ai/onyx/[object Object],702,0.9949113130569458
https://ecraft2learn.github.io/ai/onyx/[object Object],707,99,0,1
https://ecraft2learn.github.io/ai/onyx/[object Object],707,0.987933874130249
https://ecraft2learn.github.io/ai/onyx/[object Object],712,100,0,0
https://ecraft2learn.github.io/ai/onyx/[object Object],712,0.9996700882911682
https://ecraft2learn.github.io/ai/onyx/[object Object],717,100,0,0
https://ecraft2learn.github.io/ai/onyx/[object Object],717,0.9999990463256836
https://ecraft2learn.github.io/ai/onyx/[object Object],722,89,8,3
https://ecraft2learn.github.io/ai/onyx/[object Object],722,0.8856359720230103
https://ecraft2learn.github.io/ai/onyx/[object Object],727,99,0,1
https://ecraft2learn.github.io/ai/onyx/[object Object],727,0.9917213320732117
https://ecraft2learn.github.io/ai/onyx/[object Object],732,100,0,0
https://ecraft2learn.github.io/ai/onyx/[object Object],732,0.9982749223709106
https://ecraft2learn.github.io/ai/onyx/[object Object],737,100,0,0
https://ecraft2learn.github.io/ai/onyx/[object Object],737,0.9999284744262695
https://ecraft2learn.github.io/ai/onyx/[object Object],742,98,1,0
https://ecraft2learn.github.io/ai/onyx/[object Object],742,0.9846861362457275
https://ecraft2learn.github.io/ai/onyx/[object Object],747,100,0,0
https://ecraft2learn.github.io/ai/onyx/[object Object],747,1
https://ecraft2learn.github.io/ai/onyx/[object Object],752,100,0,0
https://ecraft2learn.github.io/ai/onyx/[object Object],752,0.9999899864196777
https://ecraft2learn.github.io/ai/onyx/[object Object],757,100,0,0
https://ecraft2learn.github.io/ai/onyx/[object Object],757,0.9999990463256836
https://ecraft2learn.github.io/ai/onyx/[object Object],762,97,3,0
https://ecraft2learn.github.io/ai/onyx/[object Object],762,0.9676108360290527
https://ecraft2learn.github.io/ai/onyx/[object Object],767,100,0,0
https://ecraft2learn.github.io/ai/onyx/[object Object],767,1
https://ecraft2learn.github.io/ai/onyx/[object Object],772,100,0,0
https://ecraft2learn.github.io/ai/onyx/[object Object],772,0.999639630317688
https://ecraft2learn.github.io/ai/onyx/[object Object],777,96,0,4
https://ecraft2learn.github.io/ai/onyx/[object Object],777,0.9558714628219604
https://ecraft2learn.github.io/ai/onyx/[object Object],782,100,0,0
https://ecraft2learn.github.io/ai/onyx/[object Object],782,0.9991872906684875
https://ecraft2learn.github.io/ai/onyx/[object Object],787,100,0,0
https://ecraft2learn.github.io/ai/onyx/[object Object],787,0.9999933838844299
https://ecraft2learn.github.io/ai/onyx/[object Object],792,91,9,0
https://ecraft2learn.github.io/ai/onyx/[object Object],792,0.9050958156585693
https://ecraft2learn.github.io/ai/onyx/[object Object],797,100,0,0
https://ecraft2learn.github.io/ai/onyx/[object Object],797,0.9998879432678223
https://ecraft2learn.github.io/ai/onyx/[object Object],802,100,0,0
https://ecraft2learn.github.io/ai/onyx/[object Object],802,0.9978718161582947
https://ecraft2learn.github.io/ai/onyx/[object Object],807,100,0,0
https://ecraft2learn.github.io/ai/onyx/[object Object],807,0.9999885559082031
https://ecraft2learn.github.io/ai/onyx/[object Object],812,99,0,1
https://ecraft2learn.github.io/ai/onyx/[object Object],812,0.9944930076599121
https://ecraft2learn.github.io/ai/onyx/[object Object],817,100,0,0
https://ecraft2learn.github.io/ai/onyx/[object Object],817,0.9995675683021545
https://ecraft2learn.github.io/ai/onyx/[object Object],822,99,1,0
https://ecraft2learn.github.io/ai/onyx/[object Object],822,0.9891915321350098
https://ecraft2learn.github.io/ai/onyx/[object Object],827,98,2,0
https://ecraft2learn.github.io/ai/onyx/[object Object],827,0.977333128452301
https://ecraft2learn.github.io/ai/onyx/[object Object],832,100,0,0
https://ecraft2learn.github.io/ai/onyx/[object Object],832,0.9999794960021973
https://ecraft2learn.github.io/ai/onyx/[object Object],837,100,0,0
https://ecraft2learn.github.io/ai/onyx/[object Object],837,0.999995231628418
https://ecraft2learn.github.io/ai/onyx/[object Object],842,100,0,0
https://ecraft2learn.github.io/ai/onyx/[object Object],842,0.998831033706665
https://ecraft2learn.github.io/ai/onyx/[object Object],847,100,0,0
https://ecraft2learn.github.io/ai/onyx/[object Object],847,0.9997616410255432
https://ecraft2learn.github.io/ai/onyx/[object Object],852,94,2,3
https://ecraft2learn.github.io/ai/onyx/[object Object],852,0.9435645937919617
https://ecraft2learn.github.io/ai/onyx/[object Object],857,100,0,0
https://ecraft2learn.github.io/ai/onyx/[object Object],857,0.9997721314430237
https://ecraft2learn.github.io/ai/onyx/[object Object],862,100,0,0
https://ecraft2learn.github.io/ai/onyx/[object Object],862,0.9996587038040161
https://ecraft2learn.github.io/ai/onyx/[object Object],867,98,0,2
https://ecraft2learn.github.io/ai/onyx/[object Object],867,0.9794117212295532
https://ecraft2learn.github.io/ai/onyx/[object Object],872,100,0,0
https://ecraft2learn.github.io/ai/onyx/[object Object],872,0.9999876022338867
https://ecraft2learn.github.io/ai/onyx/[object Object],877,100,0,0
https://ecraft2learn.github.io/ai/onyx/[object Object],877,0.9998646378517151
https://ecraft2learn.github.io/ai/onyx/[object Object],882,100,0,0
https://ecraft2learn.github.io/ai/onyx/[object Object],882,0.9982901215553284
https://ecraft2learn.github.io/ai/onyx/[object Object],887,50,0,50
https://ecraft2learn.github.io/ai/onyx/[object Object],887,0.49909842014312744
https://ecraft2learn.github.io/ai/onyx/[object Object],892,100,0,0
https://ecraft2learn.github.io/ai/onyx/[object Object],892,0.9999814033508301
https://ecraft2learn.github.io/ai/onyx/[object Object],897,99,0,1
https://ecraft2learn.github.io/ai/onyx/[object Object],897,0.9921451210975647
https://ecraft2learn.github.io/ai/onyx/[object Object],902,99,0,1
https://ecraft2learn.github.io/ai/onyx/[object Object],902,0.9928898215293884
https://ecraft2learn.github.io/ai/onyx/[object Object],907,98,1,1
https://ecraft2learn.github.io/ai/onyx/[object Object],907,0.9832421541213989
https://ecraft2learn.github.io/ai/onyx/[object Object],912,99,0,1
https://ecraft2learn.github.io/ai/onyx/[object Object],912,0.9946333169937134
https://ecraft2learn.github.io/ai/onyx/[object Object],917,100,0,0
https://ecraft2learn.github.io/ai/onyx/[object Object],917,1
https://ecraft2learn.github.io/ai/onyx/[object Object],922,100,0,0
https://ecraft2learn.github.io/ai/onyx/[object Object],922,0.9994179606437683
https://ecraft2learn.github.io/ai/onyx/[object Object],927,100,0,0
https://ecraft2learn.github.io/ai/onyx/[object Object],927,0.9989357590675354
https://ecraft2learn.github.io/ai/onyx/[object Object],932,100,0,0
https://ecraft2learn.github.io/ai/onyx/[object Object],932,0.9993831515312195
https://ecraft2learn.github.io/ai/onyx/[object Object],937,100,0,0
https://ecraft2learn.github.io/ai/onyx/[object Object],937,0.9998993873596191
https://ecraft2learn.github.io/ai/onyx/[object Object],942,100,0,0
https://ecraft2learn.github.io/ai/onyx/[object Object],942,0.9999990463256836
https://ecraft2learn.github.io/ai/onyx/[object Object],947,100,0,0
https://ecraft2learn.github.io/ai/onyx/[object Object],947,0.9997711777687073
https://ecraft2learn.github.io/ai/onyx/[object Object],952,100,0,0
https://ecraft2learn.github.io/ai/onyx/[object Object],952,0.9994255900382996
https://ecraft2learn.github.io/ai/onyx/[object Object],957,100,0,0
https://ecraft2learn.github.io/ai/onyx/[object Object],957,0.9988229274749756
https://ecraft2learn.github.io/ai/onyx/[object Object],962,99,0,1
https://ecraft2learn.github.io/ai/onyx/[object Object],962,0.9928898215293884
https://ecraft2learn.github.io/ai/onyx/[object Object],967,100,0,0
https://ecraft2learn.github.io/ai/onyx/[object Object],967,0.9958473443984985
https://ecraft2learn.github.io/ai/onyx/[object Object],972,100,0,0
https://ecraft2learn.github.io/ai/onyx/[object Object],972,0.9999804496765137
https://ecraft2learn.github.io/ai/onyx/[object Object],977,100,0,0
https://ecraft2learn.github.io/ai/onyx/[object Object],977,0.9999914765357971
https://ecraft2learn.github.io/ai/onyx/[object Object],982,100,0,0
https://ecraft2learn.github.io/ai/onyx/[object Object],982,0.9986110329627991
https://ecraft2learn.github.io/ai/onyx/[object Object],987,89,0,11
https://ecraft2learn.github.io/ai/onyx/[object Object],987,0.8879014253616333
https://ecraft2learn.github.io/ai/onyx/[object Object],992,100,0,0
https://ecraft2learn.github.io/ai/onyx/[object Object],992,0.9985529184341431
https://ecraft2learn.github.io/ai/onyx/[object Object],997,98,1,2
https://ecraft2learn.github.io/ai/onyx/[object Object],997,0.9752050042152405
https://ecraft2learn.github.io/ai/onyx/[object Object],1002,100,0,0
https://ecraft2learn.github.io/ai/onyx/[object Object],1002,0.9999990463256836
https://ecraft2learn.github.io/ai/onyx/images/korean/onychomycosis/semisuper_1015_1230_400_1443_613_036963HB.jpg,1007,95,2,3
https://ecraft2learn.github.io/ai/onyx/images/korean/onychomycosis/semisuper_1015_1230_400_1443_613_036963HB.jpg,1007,0.9535437822341919
https://ecraft2learn.github.io/ai/onyx/images/korean/onychomycosis/semisuper_1032_300_191_491_381_200706-fig1.jpg,1012,100,0,0
https://ecraft2learn.github.io/ai/onyx/images/korean/onychomycosis/semisuper_1032_300_191_491_381_200706-fig1.jpg,1012,0.9996777176856995
https://ecraft2learn.github.io/ai/onyx/images/korean/onychomycosis/semisuper_1073_577_475_767_665_twenty-nail-syndrome-of-childhood-2.jpg,1017,100,0,0
https://ecraft2learn.github.io/ai/onyx/images/korean/onychomycosis/semisuper_1073_577_475_767_665_twenty-nail-syndrome-of-childhood-2.jpg,1017,0.9998541474342346
https://ecraft2learn.github.io/ai/onyx/images/korean/onychomycosis/semisuper_1157_44_237_265_458_psoriasis01.jpg,1022,100,0,0
https://ecraft2learn.github.io/ai/onyx/images/korean/onychomycosis/semisuper_1157_44_237_265_458_psoriasis01.jpg,1022,0.9999847412109375
https://ecraft2learn.github.io/ai/onyx/images/korean/onychomycosis/semisuper_1211_811_445_1047_681_pt0906ce1.jpg,1027,97,3,0
https://ecraft2learn.github.io/ai/onyx/images/korean/onychomycosis/semisuper_1211_811_445_1047_681_pt0906ce1.jpg,1027,0.9714292287826538
https://ecraft2learn.github.io/ai/onyx/images/korean/onychomycosis/semisuper_1249_372_119_709_456_onycholysis-pictures-4.jpg,1032,100,0,0
https://ecraft2learn.github.io/ai/onyx/images/korean/onychomycosis/semisuper_1249_372_119_709_456_onycholysis-pictures-4.jpg,1032,0.9990277290344238
https://ecraft2learn.github.io/ai/onyx/images/korean/onychomycosis/semisuper_1299_42_16_356_322_PMC4369658_kjfm-36-113-g008.jpg,1037,100,0,0
https://ecraft2learn.github.io/ai/onyx/images/korean/onychomycosis/semisuper_1299_42_16_356_322_PMC4369658_kjfm-36-113-g008.jpg,1037,0.9992783665657043
https://ecraft2learn.github.io/ai/onyx/images/korean/onychomycosis/semisuper_1333_628_151_1041_584_fig_10j(9).jpg,1042,95,1,3
https://ecraft2learn.github.io/ai/onyx/images/korean/onychomycosis/semisuper_1333_628_151_1041_584_fig_10j(9).jpg,1042,0.9534653425216675
https://ecraft2learn.github.io/ai/onyx/images/korean/onychomycosis/semisuper_1389_672_467_870_664_maxresdefault.jpg,1047,100,0,0
https://ecraft2learn.github.io/ai/onyx/images/korean/onychomycosis/semisuper_1389_672_467_870_664_maxresdefault.jpg,1047,0.9999961853027344
https://ecraft2learn.github.io/ai/onyx/images/korean/onychomycosis/semisuper_1414_293_224_511_442_2-packs-nail-fungus-treatment-onychomycosis-paronychia-toe-nail-slits-infection-finger-ointment-chinese-herbal-products.jpg,1052,100,0,0
https://ecraft2learn.github.io/ai/onyx/images/korean/onychomycosis/semisuper_1414_293_224_511_442_2-packs-nail-fungus-treatment-onychomycosis-paronychia-toe-nail-slits-infection-finger-ointment-chinese-herbal-products.jpg,1052,0.9999923706054688
https://ecraft2learn.github.io/ai/onyx/images/korean/onychomycosis/semisuper_1425_102_125_336_359_Onychomycosis-4.jpg,1057,100,0,0
https://ecraft2learn.github.io/ai/onyx/images/korean/onychomycosis/semisuper_1425_102_125_336_359_Onychomycosis-4.jpg,1057,0.9996863007545471
https://ecraft2learn.github.io/ai/onyx/images/korean/onychomycosis/semisuper_1431_1300_794_1562_1056_037076HB.JPG,1062,100,0,0
https://ecraft2learn.github.io/ai/onyx/images/korean/onychomycosis/semisuper_1431_1300_794_1562_1056_037076HB.JPG,1062,0.9992892742156982
https://ecraft2learn.github.io/ai/onyx/images/korean/onychomycosis/semisuper_1446_75_656_412_993_Onycho5yearold2_2.jpg,1067,95,4,0
https://ecraft2learn.github.io/ai/onyx/images/korean/onychomycosis/semisuper_1446_75_656_412_993_Onycho5yearold2_2.jpg,1067,0.9537661671638489
https://ecraft2learn.github.io/ai/onyx/images/korean/onychomycosis/semisuper_1457_436_386_654_604_slide_24.jpg,1072,100,0,0
https://ecraft2learn.github.io/ai/onyx/images/korean/onychomycosis/semisuper_1457_436_386_654_604_slide_24.jpg,1072,0.9999809861183167
https://ecraft2learn.github.io/ai/onyx/images/korean/onychomycosis/semisuper_1465_732_484_983_736_50417908-Pathological-changes-in-the-feet-nail-fungus-on-the-toenails-and-skin-spots-Stock-Photo.jpg,1077,100,0,0
https://ecraft2learn.github.io/ai/onyx/images/korean/onychomycosis/semisuper_1465_732_484_983_736_50417908-Pathological-changes-in-the-feet-nail-fungus-on-the-toenails-and-skin-spots-Stock-Photo.jpg,1077,0.9996634125709534
https://ecraft2learn.github.io/ai/onyx/images/korean/onychomycosis/semisuper_1476_627_94_857_323_4526565_orig.jpg,1082,95,5,0
https://ecraft2learn.github.io/ai/onyx/images/korean/onychomycosis/semisuper_1476_627_94_857_323_4526565_orig.jpg,1082,0.9492700099945068
https://ecraft2learn.github.io/ai/onyx/images/korean/onychomycosis/semisuper_1495_21_157_247_383_at021g39.jpg,1087,100,0,0
https://ecraft2learn.github.io/ai/onyx/images/korean/onychomycosis/semisuper_1495_21_157_247_383_at021g39.jpg,1087,0.9999990463256836
https://ecraft2learn.github.io/ai/onyx/images/korean/onychomycosis/semisuper_1514_964_670_1387_1092_3073104374e470f4e44ae2.jpg,1092,99,1,0
https://ecraft2learn.github.io/ai/onyx/images/korean/onychomycosis/semisuper_1514_964_670_1387_1092_3073104374e470f4e44ae2.jpg,1092,0.9907320141792297
https://ecraft2learn.github.io/ai/onyx/images/korean/onychomycosis/semisuper_1521_613_69_837_294_stock-photo-closeup-of-a-foot-with-arthritis-nail-fungus-and-athlete-s-foot-103386344.jpg,1097,100,0,0
https://ecraft2learn.github.io/ai/onyx/images/korean/onychomycosis/semisuper_1521_613_69_837_294_stock-photo-closeup-of-a-foot-with-arthritis-nail-fungus-and-athlete-s-foot-103386344.jpg,1097,0.9999775886535645
https://ecraft2learn.github.io/ai/onyx/images/korean/onychomycosis/semisuper_1536_95_1135_806_1807_0365-0596-abd-89-01-0184-gf01.jpg,1102,93,7,1
https://ecraft2learn.github.io/ai/onyx/images/korean/onychomycosis/semisuper_1536_95_1135_806_1807_0365-0596-abd-89-01-0184-gf01.jpg,1102,0.9253206253051758
https://ecraft2learn.github.io/ai/onyx/images/korean/onychomycosis/semisuper_1551_396_123_600_328_2011Onychomycosis1.jpg,1107,100,0,0
https://ecraft2learn.github.io/ai/onyx/images/korean/onychomycosis/semisuper_1551_396_123_600_328_2011Onychomycosis1.jpg,1107,0.999733030796051
https://ecraft2learn.github.io/ai/onyx/images/korean/onychomycosis/semisuper_1561_504_249_704_449_PsoriaticNail.jpg,1112,100,0,0
https://ecraft2learn.github.io/ai/onyx/images/korean/onychomycosis/semisuper_1561_504_249_704_449_PsoriaticNail.jpg,1112,0.9999685883522034
https://ecraft2learn.github.io/ai/onyx/images/korean/onychomycosis/semisuper_1574_465_130_934_599_slide_6.jpg,1117,100,0,0
https://ecraft2learn.github.io/ai/onyx/images/korean/onychomycosis/semisuper_1574_465_130_934_599_slide_6.jpg,1117,0.999936580657959
https://ecraft2learn.github.io/ai/onyx/images/korean/onychomycosis/semisuper_1583_239_147_695_602_002_onychomycosis.jpg,1122,100,0,0
https://ecraft2learn.github.io/ai/onyx/images/korean/onychomycosis/semisuper_1583_239_147_695_602_002_onychomycosis.jpg,1122,0.999557614326477
https://ecraft2learn.github.io/ai/onyx/images/korean/onychomycosis/semisuper_1588_304_290_605_591_ClearSteps-Laser-Onychomycosis-nail-infection-before-after-photots.jpg,1127,99,0,1
https://ecraft2learn.github.io/ai/onyx/images/korean/onychomycosis/semisuper_1588_304_290_605_591_ClearSteps-Laser-Onychomycosis-nail-infection-before-after-photots.jpg,1127,0.9909768104553223
https://ecraft2learn.github.io/ai/onyx/images/korean/onychomycosis/semisuper_1601_49_167_348_467_onycho-56a2452f5f9b58b7d0c87845.jpg,1132,100,0,0
https://ecraft2learn.github.io/ai/onyx/images/korean/onychomycosis/semisuper_1601_49_167_348_467_onycho-56a2452f5f9b58b7d0c87845.jpg,1132,0.9999918937683105
https://ecraft2learn.github.io/ai/onyx/images/korean/onychomycosis/semisuper_1615_493_219_685_411_f7a2a3d03ca5e2626b873b655c6988ee.jpg,1137,97,2,0
https://ecraft2learn.github.io/ai/onyx/images/korean/onychomycosis/semisuper_1615_493_219_685_411_f7a2a3d03ca5e2626b873b655c6988ee.jpg,1137,0.974754273891449
https://ecraft2learn.github.io/ai/onyx/images/korean/onychomycosis/semisuper_1629_921_528_1221_828_Superficial_Onychomycosis_E1.jpg,1142,99,1,0
https://ecraft2learn.github.io/ai/onyx/images/korean/onychomycosis/semisuper_1629_921_528_1221_828_Superficial_Onychomycosis_E1.jpg,1142,0.9867504835128784
https://ecraft2learn.github.io/ai/onyx/images/korean/onychomycosis/semisuper_1640_233_237_1368_1371_0396902.jpg,1147,100,0,0
https://ecraft2learn.github.io/ai/onyx/images/korean/onychomycosis/semisuper_1640_233_237_1368_1371_0396902.jpg,1147,0.999882698059082
https://ecraft2learn.github.io/ai/onyx/images/korean/onychomycosis/semisuper_1667_1150_584_1507_940_035580HB.JPG,1152,100,0,0
https://ecraft2learn.github.io/ai/onyx/images/korean/onychomycosis/semisuper_1667_1150_584_1507_940_035580HB.JPG,1152,0.9999861717224121
https://ecraft2learn.github.io/ai/onyx/images/korean/onychomycosis/semisuper_1671_117_511_325_719_035580HB.JPG,1157,100,0,0
https://ecraft2learn.github.io/ai/onyx/images/korean/onychomycosis/semisuper_1671_117_511_325_719_035580HB.JPG,1157,0.9989114999771118
https://ecraft2learn.github.io/ai/onyx/images/korean/onychomycosis/semisuper_167_1150_584_1507_940_035580HB.jpg,1162,100,0,0
https://ecraft2learn.github.io/ai/onyx/images/korean/onychomycosis/semisuper_167_1150_584_1507_940_035580HB.jpg,1162,0.9999861717224121
https://ecraft2learn.github.io/ai/onyx/images/korean/onychomycosis/semisuper_1692_683_773_1160_1178_Dscn0083.jpg,1167,100,0,0
https://ecraft2learn.github.io/ai/onyx/images/korean/onychomycosis/semisuper_1692_683_773_1160_1178_Dscn0083.jpg,1167,0.9995866417884827
https://ecraft2learn.github.io/ai/onyx/images/korean/onychomycosis/semisuper_1700_682_73_942_333_dce70004f1.jpg,1172,97,2,1
https://ecraft2learn.github.io/ai/onyx/images/korean/onychomycosis/semisuper_1700_682_73_942_333_dce70004f1.jpg,1172,0.9700040817260742
https://ecraft2learn.github.io/ai/onyx/images/korean/onychomycosis/semisuper_1705_719_770_959_1010_036048HB.JPG,1177,100,0,0
https://ecraft2learn.github.io/ai/onyx/images/korean/onychomycosis/semisuper_1705_719_770_959_1010_036048HB.JPG,1177,0.9999980926513672
https://ecraft2learn.github.io/ai/onyx/images/korean/onychomycosis/semisuper_1714_543_528_713_698_JBO_18_11_116005_f002.jpg,1182,90,0,10
https://ecraft2learn.github.io/ai/onyx/images/korean/onychomycosis/semisuper_1714_543_528_713_698_JBO_18_11_116005_f002.jpg,1182,0.9013516306877136
https://ecraft2learn.github.io/ai/onyx/images/korean/onychomycosis/semisuper_171_117_511_325_719_035580HB.jpg,1187,100,0,0
https://ecraft2learn.github.io/ai/onyx/images/korean/onychomycosis/semisuper_171_117_511_325_719_035580HB.jpg,1187,0.9989114999771118
https://ecraft2learn.github.io/ai/onyx/images/korean/onychomycosis/semisuper_1744_312_603_651_941_035907HB.JPG,1192,100,0,0
https://ecraft2learn.github.io/ai/onyx/images/korean/onychomycosis/semisuper_1744_312_603_651_941_035907HB.JPG,1192,0.9998083710670471
https://ecraft2learn.github.io/ai/onyx/images/korean/onychomycosis/semisuper_1755_275_308_465_487_2-packs-toe-nail-fungus-cream-onychomycosis-paronychia-toe-nail-slits-infection-finger-ointment-ringworm-of-the-nails.jpg,1197,100,0,0
https://ecraft2learn.github.io/ai/onyx/images/korean/onychomycosis/semisuper_1755_275_308_465_487_2-packs-toe-nail-fungus-cream-onychomycosis-paronychia-toe-nail-slits-infection-finger-ointment-ringworm-of-the-nails.jpg,1197,0.9998202919960022
https://ecraft2learn.github.io/ai/onyx/images/korean/onychomycosis/semisuper_1769_519_219_804_504_ijdvl_2012_78_5_620_100579_u4.jpg,1202,100,0,0
https://ecraft2learn.github.io/ai/onyx/images/korean/onychomycosis/semisuper_1769_519_219_804_504_ijdvl_2012_78_5_620_100579_u4.jpg,1202,0.9999923706054688
https://ecraft2learn.github.io/ai/onyx/images/korean/onychomycosis/semisuper_1786_231_65_593_427_picture8.jpg,1207,100,0,0
https://ecraft2learn.github.io/ai/onyx/images/korean/onychomycosis/semisuper_1786_231_65_593_427_picture8.jpg,1207,0.9999942779541016
https://ecraft2learn.github.io/ai/onyx/images/korean/onychomycosis/semisuper_1791_150_749_360_959_036049HB.JPG,1212,95,4,1
https://ecraft2learn.github.io/ai/onyx/images/korean/onychomycosis/semisuper_1791_150_749_360_959_036049HB.JPG,1212,0.948100209236145
https://ecraft2learn.github.io/ai/onyx/images/korean/onychomycosis/semisuper_1806_187_460_396_669_slide_8.jpg,1217,100,0,0
https://ecraft2learn.github.io/ai/onyx/images/korean/onychomycosis/semisuper_1806_187_460_396_669_slide_8.jpg,1217,0.999995231628418
https://ecraft2learn.github.io/ai/onyx/images/korean/onychomycosis/semisuper_1844_79_497_348_766_F1.large.jpg,1222,100,0,0
https://ecraft2learn.github.io/ai/onyx/images/korean/onychomycosis/semisuper_1844_79_497_348_766_F1.large.jpg,1222,1
https://ecraft2learn.github.io/ai/onyx/images/korean/onychomycosis/semisuper_1874_124_484_346_707_slide_23.jpg,1227,100,0,0
https://ecraft2learn.github.io/ai/onyx/images/korean/onychomycosis/semisuper_1874_124_484_346_707_slide_23.jpg,1227,0.9997826218605042
https://ecraft2learn.github.io/ai/onyx/images/korean/onychomycosis/semisuper_1943_370_171_569_370_pt06derm2.jpeg,1232,92,7,1
https://ecraft2learn.github.io/ai/onyx/images/korean/onychomycosis/semisuper_1943_370_171_569_370_pt06derm2.jpeg,1232,0.917559802532196
https://ecraft2learn.github.io/ai/onyx/images/korean/onychomycosis/semisuper_1991_904_243_1118_457_026066HB.JPG,1237,100,0,0
https://ecraft2learn.github.io/ai/onyx/images/korean/onychomycosis/semisuper_1991_904_243_1118_457_026066HB.JPG,1237,0.9990234375
https://ecraft2learn.github.io/ai/onyx/images/korean/onychomycosis/semisuper_2006_627_237_1033_643_1j.jpg,1242,97,2,0
https://ecraft2learn.github.io/ai/onyx/images/korean/onychomycosis/semisuper_2006_627_237_1033_643_1j.jpg,1242,0.9738715887069702
https://ecraft2learn.github.io/ai/onyx/images/korean/onychomycosis/semisuper_2025_1122_1944_1557_2379_white nail-3-.JPG,1247,97,3,0
https://ecraft2learn.github.io/ai/onyx/images/korean/onychomycosis/semisuper_2025_1122_1944_1557_2379_white nail-3-.JPG,1247,0.9663706421852112
https://ecraft2learn.github.io/ai/onyx/images/korean/onychomycosis/semisuper_2052_430_186_940_696_627_1.jpg,1252,100,0,0
https://ecraft2learn.github.io/ai/onyx/images/korean/onychomycosis/semisuper_2052_430_186_940_696_627_1.jpg,1252,0.9988915324211121
https://ecraft2learn.github.io/ai/onyx/images/korean/onychomycosis/semisuper_2068_432_175_628_370_nail-psoriasis1.jpg,1257,99,1,0
https://ecraft2learn.github.io/ai/onyx/images/korean/onychomycosis/semisuper_2068_432_175_628_370_nail-psoriasis1.jpg,1257,0.9916031360626221
https://ecraft2learn.github.io/ai/onyx/images/korean/onychomycosis/semisuper_2093_992_317_1274_598_3j.jpg,1262,100,0,0
https://ecraft2learn.github.io/ai/onyx/images/korean/onychomycosis/semisuper_2093_992_317_1274_598_3j.jpg,1262,0.9980997443199158
https://ecraft2learn.github.io/ai/onyx/images/korean/onychomycosis/semisuper_2120_1664_2024_2342_2701_10419-036 (3).JPG,1267,100,0,0
https://ecraft2learn.github.io/ai/onyx/images/korean/onychomycosis/semisuper_2120_1664_2024_2342_2701_10419-036 (3).JPG,1267,0.999977171421051
https://ecraft2learn.github.io/ai/onyx/images/korean/onychomycosis/semisuper_2210_114_754_310_951_20140620-183207-66727012.jpg,1272,98,2,0
https://ecraft2learn.github.io/ai/onyx/images/korean/onychomycosis/semisuper_2210_114_754_310_951_20140620-183207-66727012.jpg,1272,0.9815419912338257
https://ecraft2learn.github.io/ai/onyx/images/korean/onychomycosis/semisuper_2371_35_128_444_488_ArchMedHealthSci_2014_2_1_48_133811_f1.jpg,1277,100,0,0
https://ecraft2learn.github.io/ai/onyx/images/korean/onychomycosis/semisuper_2371_35_128_444_488_ArchMedHealthSci_2014_2_1_48_133811_f1.jpg,1277,0.9999880790710449
https://ecraft2learn.github.io/ai/onyx/images/korean/onychomycosis/semisuper_2414_181_166_467_453_PMC4148282_abd-89-04-0649-g01.jpg,1282,98,1,1
https://ecraft2learn.github.io/ai/onyx/images/korean/onychomycosis/semisuper_2414_181_166_467_453_PMC4148282_abd-89-04-0649-g01.jpg,1282,0.9832154512405396
https://ecraft2learn.github.io/ai/onyx/images/korean/onychomycosis/semisuper_2457_372_119_709_456_onycholysis-pictures-4.jpg,1287,100,0,0
https://ecraft2learn.github.io/ai/onyx/images/korean/onychomycosis/semisuper_2457_372_119_709_456_onycholysis-pictures-4.jpg,1287,0.9990277290344238
https://ecraft2learn.github.io/ai/onyx/images/korean/onychomycosis/semisuper_2485_42_16_356_322_PMC4369658_kjfm-36-113-g008.jpg,1292,100,0,0
https://ecraft2learn.github.io/ai/onyx/images/korean/onychomycosis/semisuper_2485_42_16_356_322_PMC4369658_kjfm-36-113-g008.jpg,1292,0.9992783665657043
https://ecraft2learn.github.io/ai/onyx/images/korean/onychomycosis/semisuper_2515_56_109_479_533_fig_10j(9).jpg,1297,99,1,0
https://ecraft2learn.github.io/ai/onyx/images/korean/onychomycosis/semisuper_2515_56_109_479_533_fig_10j(9).jpg,1297,0.992078423500061
https://ecraft2learn.github.io/ai/onyx/images/korean/onychomycosis/semisuper_25_1612_736_2154_1279_onychomycosis1364420284545.jpg,1302,99,1,0
https://ecraft2learn.github.io/ai/onyx/images/korean/onychomycosis/semisuper_25_1612_736_2154_1279_onychomycosis1364420284545.jpg,1302,0.9890313744544983
https://ecraft2learn.github.io/ai/onyx/images/korean/onychomycosis/semisuper_27_150_1017_525_1391_onychomycosis1364420284545.jpg,1307,98,2,0
https://ecraft2learn.github.io/ai/onyx/images/korean/onychomycosis/semisuper_27_150_1017_525_1391_onychomycosis1364420284545.jpg,1307,0.9830183386802673
https://ecraft2learn.github.io/ai/onyx/images/korean/onychomycosis/semisuper_306_60_409_258_607_DSC05450.jpg,1312,90,8,2
https://ecraft2learn.github.io/ai/onyx/images/korean/onychomycosis/semisuper_306_60_409_258_607_DSC05450.jpg,1312,0.9010553359985352
https://ecraft2learn.github.io/ai/onyx/images/korean/onychomycosis/semisuper_322_26_142_430_547_8536670e4c.jpg,1317,99,0,1
https://ecraft2learn.github.io/ai/onyx/images/korean/onychomycosis/semisuper_322_26_142_430_547_8536670e4c.jpg,1317,0.9925894737243652
https://ecraft2learn.github.io/ai/onyx/images/korean/onychomycosis/semisuper_368_1734_803_2170_1239_8567527128_69c7744b39_o.jpg,1322,100,0,0
https://ecraft2learn.github.io/ai/onyx/images/korean/onychomycosis/semisuper_368_1734_803_2170_1239_8567527128_69c7744b39_o.jpg,1322,0.9998383522033691
https://ecraft2learn.github.io/ai/onyx/images/korean/onychomycosis/semisuper_378_46_29_334_316_Combo of problems.jpg,1327,100,0,0
https://ecraft2learn.github.io/ai/onyx/images/korean/onychomycosis/semisuper_378_46_29_334_316_Combo of problems.jpg,1327,0.9999971389770508
https://ecraft2learn.github.io/ai/onyx/images/korean/onychomycosis/semisuper_412_650_856_943_1150_3073104374e470f4e44ae2.jpg,1332,99,1,0
https://ecraft2learn.github.io/ai/onyx/images/korean/onychomycosis/semisuper_412_650_856_943_1150_3073104374e470f4e44ae2.jpg,1332,0.9881918430328369
https://ecraft2learn.github.io/ai/onyx/images/korean/onychomycosis/semisuper_432_206_864_1168_1826_0396907.jpg,1337,99,0,1
https://ecraft2learn.github.io/ai/onyx/images/korean/onychomycosis/semisuper_432_206_864_1168_1826_0396907.jpg,1337,0.986102819442749
https://ecraft2learn.github.io/ai/onyx/images/korean/onychomycosis/semisuper_455_1242_1965_2182_2905_0279703.jpg,1342,100,0,0
https://ecraft2learn.github.io/ai/onyx/images/korean/onychomycosis/semisuper_455_1242_1965_2182_2905_0279703.jpg,1342,0.9999594688415527
https://ecraft2learn.github.io/ai/onyx/images/korean/onychomycosis/semisuper_475_799_355_989_551_DSCN0049_lxSl8MZ.max-1000x800.jpg,1347,99,0,1
https://ecraft2learn.github.io/ai/onyx/images/korean/onychomycosis/semisuper_475_799_355_989_551_DSCN0049_lxSl8MZ.max-1000x800.jpg,1347,0.9850200414657593
https://ecraft2learn.github.io/ai/onyx/images/korean/onychomycosis/semisuper_485_83_285_358_559_hutchinson-sign-1.jpg,1352,100,0,0
https://ecraft2learn.github.io/ai/onyx/images/korean/onychomycosis/semisuper_485_83_285_358_559_hutchinson-sign-1.jpg,1352,1
https://ecraft2learn.github.io/ai/onyx/images/korean/onychomycosis/semisuper_53_1851_950_2646_1744_Onychomycosis-web.jpg,1357,98,2,0
https://ecraft2learn.github.io/ai/onyx/images/korean/onychomycosis/semisuper_53_1851_950_2646_1744_Onychomycosis-web.jpg,1357,0.9797557592391968
https://ecraft2learn.github.io/ai/onyx/images/korean/onychomycosis/semisuper_55_266_491_1998_2223_Fungal-toenail.jpg,1362,99,0,1
https://ecraft2learn.github.io/ai/onyx/images/korean/onychomycosis/semisuper_55_266_491_1998_2223_Fungal-toenail.jpg,1362,0.9915907979011536
https://ecraft2learn.github.io/ai/onyx/images/korean/onychomycosis/semisuper_588_288_89_561_361_funghi-allalluce.jpg,1367,93,3,5
https://ecraft2learn.github.io/ai/onyx/images/korean/onychomycosis/semisuper_588_288_89_561_361_funghi-allalluce.jpg,1367,0.9252365231513977
https://ecraft2learn.github.io/ai/onyx/images/korean/onychomycosis/semisuper_61_627_237_1033_643_1j.jpg,1372,97,2,0
https://ecraft2learn.github.io/ai/onyx/images/korean/onychomycosis/semisuper_61_627_237_1033_643_1j.jpg,1372,0.9738715887069702
https://ecraft2learn.github.io/ai/onyx/images/korean/onychomycosis/semisuper_639_2535_1486_3737_2688_10419-036 (3).jpg,1377,100,0,0
https://ecraft2learn.github.io/ai/onyx/images/korean/onychomycosis/semisuper_639_2535_1486_3737_2688_10419-036 (3).jpg,1377,0.998409628868103
https://ecraft2learn.github.io/ai/onyx/images/korean/onychomycosis/semisuper_663_1799_714_2338_1253_19_de_agosto_2008_003.jpg,1382,99,0,0
https://ecraft2learn.github.io/ai/onyx/images/korean/onychomycosis/semisuper_663_1799_714_2338_1253_19_de_agosto_2008_003.jpg,1382,0.9937688708305359
https://ecraft2learn.github.io/ai/onyx/images/korean/onychomycosis/semisuper_668_569_15_852_287_036641HB.jpg,1387,95,2,3
https://ecraft2learn.github.io/ai/onyx/images/korean/onychomycosis/semisuper_668_569_15_852_287_036641HB.jpg,1387,0.9505509734153748
https://ecraft2learn.github.io/ai/onyx/images/korean/onychomycosis/semisuper_676_368_114_702_447_micosi-.jpg,1392,100,0,0
https://ecraft2learn.github.io/ai/onyx/images/korean/onychomycosis/semisuper_676_368_114_702_447_micosi-.jpg,1392,0.9989648461341858
https://ecraft2learn.github.io/ai/onyx/images/korean/onychomycosis/semisuper_681_464_167_1356_1060_nails-joggers-10062_0.jpg,1397,100,0,0
https://ecraft2learn.github.io/ai/onyx/images/korean/onychomycosis/semisuper_681_464_167_1356_1060_nails-joggers-10062_0.jpg,1397,0.9997511506080627
https://ecraft2learn.github.io/ai/onyx/images/korean/onychomycosis/semisuper_701_613_75_1010_472_toe-nail1.jpg,1402,95,0,4
https://ecraft2learn.github.io/ai/onyx/images/korean/onychomycosis/semisuper_701_613_75_1010_472_toe-nail1.jpg,1402,0.9548218250274658
https://ecraft2learn.github.io/ai/onyx/images/korean/onychomycosis/semisuper_71_752_145_1231_633_Onychomycosis-Cropped.jpg,1407,99,1,0
https://ecraft2learn.github.io/ai/onyx/images/korean/onychomycosis/semisuper_71_752_145_1231_633_Onychomycosis-Cropped.jpg,1407,0.994679868221283
https://ecraft2learn.github.io/ai/onyx/images/korean/onychomycosis/semisuper_745_2596_1492_3194_2089_shutterstock_161804258.jpg,1412,99,1,0
https://ecraft2learn.github.io/ai/onyx/images/korean/onychomycosis/semisuper_745_2596_1492_3194_2089_shutterstock_161804258.jpg,1412,0.9925745129585266
https://ecraft2learn.github.io/ai/onyx/images/korean/onychomycosis/semisuper_755_215_42_566_393_Neglsopp.jpg,1417,100,0,0
https://ecraft2learn.github.io/ai/onyx/images/korean/onychomycosis/semisuper_755_215_42_566_393_Neglsopp.jpg,1417,0.9998784065246582
https://ecraft2learn.github.io/ai/onyx/images/korean/onychomycosis/semisuper_771_774_1330_1263_1818_fig_5a-dj.jpg,1422,93,6,1
https://ecraft2learn.github.io/ai/onyx/images/korean/onychomycosis/semisuper_771_774_1330_1263_1818_fig_5a-dj.jpg,1422,0.9258023500442505
https://ecraft2learn.github.io/ai/onyx/images/korean/onychomycosis/semisuper_782_492_88_654_277_oncyholysis-148AFBAC9CF686F35B8.jpg,1427,100,0,0
https://ecraft2learn.github.io/ai/onyx/images/korean/onychomycosis/semisuper_782_492_88_654_277_oncyholysis-148AFBAC9CF686F35B8.jpg,1427,0.9996724724769592
https://ecraft2learn.github.io/ai/onyx/images/korean/onychomycosis/semisuper_790_993_127_1338_472_fig_22j.jpg,1432,100,0,0
https://ecraft2learn.github.io/ai/onyx/images/korean/onychomycosis/semisuper_790_993_127_1338_472_fig_22j.jpg,1432,0.999842643737793
https://ecraft2learn.github.io/ai/onyx/images/korean/onychomycosis/semisuper_79_61_115_247_302_Superficial_white_onychomycosis.jpg,1437,100,0,0
https://ecraft2learn.github.io/ai/onyx/images/korean/onychomycosis/semisuper_79_61_115_247_302_Superficial_white_onychomycosis.jpg,1437,0.9999499917030334
https://ecraft2learn.github.io/ai/onyx/images/korean/onychomycosis/semisuper_814_229_86_419_276_fungailnail-2-1.jpg,1442,100,0,0
https://ecraft2learn.github.io/ai/onyx/images/korean/onychomycosis/semisuper_814_229_86_419_276_fungailnail-2-1.jpg,1442,0.9973171353340149
https://ecraft2learn.github.io/ai/onyx/images/korean/onychomycosis/semisuper_832_720_141_1036_459_8-143-1.jpg,1447,100,0,0
https://ecraft2learn.github.io/ai/onyx/images/korean/onychomycosis/semisuper_832_720_141_1036_459_8-143-1.jpg,1447,0.9996858835220337
https://ecraft2learn.github.io/ai/onyx/images/korean/onychomycosis/semisuper_840_18_98_359_439_gryphosis.jpg,1452,100,0,0
https://ecraft2learn.github.io/ai/onyx/images/korean/onychomycosis/semisuper_840_18_98_359_439_gryphosis.jpg,1452,0.9999732971191406
https://ecraft2learn.github.io/ai/onyx/images/korean/onychomycosis/semisuper_864_15_76_302_395_subungual hyperkeratosis.jpg,1457,100,0,0
https://ecraft2learn.github.io/ai/onyx/images/korean/onychomycosis/semisuper_864_15_76_302_395_subungual hyperkeratosis.jpg,1457,0.9999971389770508
https://ecraft2learn.github.io/ai/onyx/images/korean/onychomycosis/semisuper_89_215_14_469_268_Extremities_onychomycosis2.jpg,1462,93,6,1
https://ecraft2learn.github.io/ai/onyx/images/korean/onychomycosis/semisuper_89_215_14_469_268_Extremities_onychomycosis2.jpg,1462,0.9329095482826233
https://ecraft2learn.github.io/ai/onyx/images/korean/onychomycosis/semisuper_90_723_83_1010_370_Extremities_onychomycosis2.jpg,1467,99,0,0
https://ecraft2learn.github.io/ai/onyx/images/korean/onychomycosis/semisuper_90_723_83_1010_370_Extremities_onychomycosis2.jpg,1467,0.9944225549697876
https://ecraft2learn.github.io/ai/onyx/images/korean/onychomycosis/semisuper_943_992_317_1274_598_3j.jpg,1472,100,0,0
https://ecraft2learn.github.io/ai/onyx/images/korean/onychomycosis/semisuper_943_992_317_1274_598_3j.jpg,1472,0.9980997443199158
https://ecraft2learn.github.io/ai/onyx/images/korean/onychomycosis/semisuper_964_123_192_535_604_ijdvl_2012_78_3_309_95445_f9.jpg,1477,89,8,3
https://ecraft2learn.github.io/ai/onyx/images/korean/onychomycosis/semisuper_964_123_192_535_604_ijdvl_2012_78_3_309_95445_f9.jpg,1477,0.8873357772827148
https://ecraft2learn.github.io/ai/onyx/images/korean/onychomycosis/semisuper_985_371_169_566_365_ca_ss_sk0208_121565.jpg,1482,98,0,1
https://ecraft2learn.github.io/ai/onyx/images/korean/onychomycosis/semisuper_985_371_169_566_365_ca_ss_sk0208_121565.jpg,1482,0.9827465415000916
https://ecraft2learn.github.io/ai/onyx/images/korean/onychomycosis/semisuper_jpn_11_87_199_858_970_06.jpg,1487,100,0,0
https://ecraft2learn.github.io/ai/onyx/images/korean/onychomycosis/semisuper_jpn_11_87_199_858_970_06.jpg,1487,0.9996371865272522
https://ecraft2learn.github.io/ai/onyx/images/korean/onychomycosis/semisuper_jpn_174_273_145_515_387_11230003.jpg,1492,99,0,1
https://ecraft2learn.github.io/ai/onyx/images/korean/onychomycosis/semisuper_jpn_174_273_145_515_387_11230003.jpg,1492,0.9868968725204468
https://ecraft2learn.github.io/ai/onyx/images/korean/onychomycosis/semisuper_jpn_241_54_62_285_293_img0104.jpg,1497,95,0,5
https://ecraft2learn.github.io/ai/onyx/images/korean/onychomycosis/semisuper_jpn_241_54_62_285_293_img0104.jpg,1497,0.9527779221534729
https://ecraft2learn.github.io/ai/onyx/images/korean/onychomycosis/semisuper_jpn_445_123_64_819_759_160807135541776994.jpg,1502,99,0,1
https://ecraft2learn.github.io/ai/onyx/images/korean/onychomycosis/semisuper_jpn_445_123_64_819_759_160807135541776994.jpg,1502,0.9896743893623352
https://ecraft2learn.github.io/ai/onyx/images/korean/onychomycosis/semisuper_jpn_452_403_83_696_376_content.jpg,1507,94,6,1
https://ecraft2learn.github.io/ai/onyx/images/korean/onychomycosis/semisuper_jpn_452_403_83_696_376_content.jpg,1507,0.93501877784729
https://ecraft2learn.github.io/ai/onyx/images/korean/onychomycosis/semisuper_jpn_465_170_50_429_309_20140526125837a53.jpg,1512,92,0,8
https://ecraft2learn.github.io/ai/onyx/images/korean/onychomycosis/semisuper_jpn_465_170_50_429_309_20140526125837a53.jpg,1512,0.9174528121948242
https://ecraft2learn.github.io/ai/onyx/images/korean/onychomycosis/semisuper_jpn_473_223_10_439_199_160924222344630689.jpg,1517,96,3,1
https://ecraft2learn.github.io/ai/onyx/images/korean/onychomycosis/semisuper_jpn_473_223_10_439_199_160924222344630689.jpg,1517,0.9593099355697632
https://ecraft2learn.github.io/ai/onyx/images/korean/onychomycosis/semisuper_jpn_488_495_88_767_360_maxresdefault.jpg,1522,97,3,1
https://ecraft2learn.github.io/ai/onyx/images/korean/onychomycosis/semisuper_jpn_488_495_88_767_360_maxresdefault.jpg,1522,0.9674378037452698
https://ecraft2learn.github.io/ai/onyx/images/korean/onychomycosis/semisuper_jpn_50_218_48_424_253_th-hi-00002.jpg,1527,100,0,0
https://ecraft2learn.github.io/ai/onyx/images/korean/onychomycosis/semisuper_jpn_50_218_48_424_253_th-hi-00002.jpg,1527,0.9999136924743652
https://ecraft2learn.github.io/ai/onyx/images/korean/onychomycosis/semisuper_jpn_539_33_26_412_405_tinea3.jpg,1532,100,0,0
https://ecraft2learn.github.io/ai/onyx/images/korean/onychomycosis/semisuper_jpn_539_33_26_412_405_tinea3.jpg,1532,0.9999923706054688
https://ecraft2learn.github.io/ai/onyx/images/korean/onychomycosis/semisuper_jpn_556_473_91_910_527_DSC_0026.jpg,1537,100,0,0
https://ecraft2learn.github.io/ai/onyx/images/korean/onychomycosis/semisuper_jpn_556_473_91_910_527_DSC_0026.jpg,1537,0.9968569278717041
https://ecraft2learn.github.io/ai/onyx/images/korean/onychomycosis/semisuper_jpn_92_102_83_342_324.jpg,1542,98,2,0
https://ecraft2learn.github.io/ai/onyx/images/korean/onychomycosis/semisuper_jpn_92_102_83_342_324.jpg,1542,0.9754642844200134
https://ecraft2learn.github.io/ai/onyx/images/korean/onychomycosis/semisuper_kor_1025_796_220_987_412_th_497bc123ad77d.jpg,1547,100,0,0
https://ecraft2learn.github.io/ai/onyx/images/korean/onychomycosis/semisuper_kor_1025_796_220_987_412_th_497bc123ad77d.jpg,1547,0.9994837641716003
https://ecraft2learn.github.io/ai/onyx/images/korean/onychomycosis/semisuper_kor_130_152_78_410_336_th_497bc116aa26f.jpg,1552,100,0,0
https://ecraft2learn.github.io/ai/onyx/images/korean/onychomycosis/semisuper_kor_130_152_78_410_336_th_497bc116aa26f.jpg,1552,0.9972634315490723
https://ecraft2learn.github.io/ai/onyx/images/korean/onychomycosis/semisuper_kor_191_1307_201_1539_433_Anwhawhdfb.jpg,1557,100,0,0
https://ecraft2learn.github.io/ai/onyx/images/korean/onychomycosis/semisuper_kor_191_1307_201_1539_433_Anwhawhdfb.jpg,1557,0.9998011589050293
https://ecraft2learn.github.io/ai/onyx/images/korean/onychomycosis/semisuper_kor_274_796_220_987_412_th_497bc123ad77d.jpg,1562,100,0,0
https://ecraft2learn.github.io/ai/onyx/images/korean/onychomycosis/semisuper_kor_274_796_220_987_412_th_497bc123ad77d.jpg,1562,0.9994837641716003
https://ecraft2learn.github.io/ai/onyx/images/korean/onychomycosis/semisuper_kor_387_361_286_573_497_th_1861A03E4D3922FF162748.jpg,1567,98,0,1
https://ecraft2learn.github.io/ai/onyx/images/korean/onychomycosis/semisuper_kor_387_361_286_573_497_th_1861A03E4D3922FF162748.jpg,1567,0.9831414222717285
https://ecraft2learn.github.io/ai/onyx/images/korean/onychomycosis/semisuper_kor_424_107_35_362_291_th_2458DA3557922A95036C8B.jpg,1572,77,12,11
https://ecraft2learn.github.io/ai/onyx/images/korean/onychomycosis/semisuper_kor_424_107_35_362_291_th_2458DA3557922A95036C8B.jpg,1572,0.7670093178749084
https://ecraft2learn.github.io/ai/onyx/images/korean/onychomycosis/semisuper_kor_466_346_212_622_488_th_2533664657BEF6FD0424C4.jpg,1577,100,0,0
https://ecraft2learn.github.io/ai/onyx/images/korean/onychomycosis/semisuper_kor_466_346_212_622_488_th_2533664657BEF6FD0424C4.jpg,1577,0.999195396900177
https://ecraft2learn.github.io/ai/onyx/images/korean/onychomycosis/semisuper_kor_507_849_31_1173_356_20140514_1400114.jpg,1582,99,1,0
https://ecraft2learn.github.io/ai/onyx/images/korean/onychomycosis/semisuper_kor_507_849_31_1173_356_20140514_1400114.jpg,1582,0.9938534498214722
https://ecraft2learn.github.io/ai/onyx/images/korean/onychomycosis/semisuper_kor_586_522_272_727_478_2654584_230.jpg,1587,100,0,0
https://ecraft2learn.github.io/ai/onyx/images/korean/onychomycosis/semisuper_kor_586_522_272_727_478_2654584_230.jpg,1587,0.9999408721923828
https://ecraft2learn.github.io/ai/onyx/images/korean/onychomycosis/semisuper_kor_61_370_112_682_424_Onychomycosis.jpg,1592,99,0,0
https://ecraft2learn.github.io/ai/onyx/images/korean/onychomycosis/semisuper_kor_61_370_112_682_424_Onychomycosis.jpg,1592,0.9944602847099304
https://ecraft2learn.github.io/ai/onyx/images/korean/onychomycosis/semisuper_kor_761_279_121_568_409_maxresdefault.jpg,1597,99,1,0
https://ecraft2learn.github.io/ai/onyx/images/korean/onychomycosis/semisuper_kor_761_279_121_568_409_maxresdefault.jpg,1597,0.9903492331504822
https://ecraft2learn.github.io/ai/onyx/images/korean/onychomycosis/semisuper_kor_809_349_132_558_341_49.jpg,1602,100,0,0
https://ecraft2learn.github.io/ai/onyx/images/korean/onychomycosis/semisuper_kor_809_349_132_558_341_49.jpg,1602,0.9998068809509277
https://ecraft2learn.github.io/ai/onyx/images/korean/onychomycosis/semisuper_kor_924_393_130_596_332_th_237F384957EDCC3C2BAB04.jpg,1607,100,0,0
https://ecraft2learn.github.io/ai/onyx/images/korean/onychomycosis/semisuper_kor_924_393_130_596_332_th_237F384957EDCC3C2BAB04.jpg,1607,1